"protein"	"site"	"ref_site"	"alt_site"	"status"	"resistant_to"	"drugs"
"pol_pr"	32	"V"	"I"	"major"	"PI"	"ATV/r|DRV/r|LPV/r"
"pol_pr"	46	"M"	"I"	"major"	"PI"	"ATV/r|LPV/r"
"pol_pr"	47	"I"	"V"	"major"	"PI"	"ATV/r|DRV/r|LPV/r"
"pol_pr"	47	"I"	"A"	"major"	"PI"	"DRV/r|LPV/r"
"pol_pr"	48	"G"	"V"	"major"	"PI"	"ATV/r|LPV/r"
"pol_pr"	48	"G"	"M"	"major"	"PI"	"ATV/r|LPV/r"
"pol_pr"	50	"I"	"L"	"major"	"PI"	"ATV/r"
"pol_pr"	50	"I"	"V"	"major"	"PI"	"DRV/r|LPV/r"
"pol_pr"	54	"I"	"V"	"major"	"PI"	"ATV/r|LPV/r"
"pol_pr"	54	"I"	"T"	"major"	"PI"	"ATV/r|LPV/r"
"pol_pr"	54	"I"	"A"	"major"	"PI"	"ATV/r|LPV/r"
"pol_pr"	54	"I"	"L"	"major"	"PI"	"ATV/r|DRV/r|LPV/r"
"pol_pr"	54	"I"	"M"	"major"	"PI"	"ATV/r|DRV/r|LPV/r"
"pol_pr"	76	"L"	"V"	"major"	"PI"	"DRV/r|LPV/r"
"pol_pr"	82	"V"	"A"	"major"	"PI"	"ATV/r|LPV/r"
"pol_pr"	82	"V"	"T"	"major"	"PI"	"ATV/r|LPV/r"
"pol_pr"	82	"V"	"F"	"major"	"PI"	"ATV/r|DRV/r|LPV/r"
"pol_pr"	82	"V"	"S"	"major"	"PI"	"ATV/r|LPV/r"
"pol_pr"	84	"I"	"V"	"major"	"PI"	"ATV/r|DRV/r|LPV/r"
"pol_pr"	88	"N"	"S"	"major"	"PI"	"ATV/r"
"pol_pr"	90	"L"	"M"	"major"	"PI"	"ATV/r|LPV/r"
"pol_pr"	10	"L"	"F"	"additional/accessory"	"PI"	"DRV/r"
"pol_pr"	11	"V"	"I"	"additional/accessory"	"PI"	"DRV/r"
"pol_pr"	11	"V"	"L"	"additional/accessory"	"PI"	"DRV/r"
"pol_pr"	33	"L"	"F"	"additional/accessory"	"PI"	"DRV/r"
"pol_pr"	74	"T"	"P"	"additional/accessory"	"PI"	"DRV/r"
"pol_pr"	89	"L"	"V"	"additional/accessory"	"PI"	"DRV/r"
"pol_rt"	100	"L"	"I"	"major"	"NNRTI"	"DOR|EFV|ETR|RPV|NVP"
"pol_rt"	101	"K"	"E"	"major"	"NNRTI"	"DOR|EFV|ETR|RPV|NVP"
"pol_rt"	101	"K"	"P"	"major"	"NNRTI"	"EFV|ETR|RPV|NVP"
"pol_rt"	103	"K"	"N"	"major"	"NNRTI"	"EFV|NVP"
"pol_rt"	103	"K"	"S"	"major"	"NNRTI"	"EFV|NVP"
"pol_rt"	106	"V"	"A"	"major"	"NNRTI"	"DOR|EFV|NVP"
"pol_rt"	106	"V"	"M"	"major"	"NNRTI"	"DOR|EFV|NVP"
"pol_rt"	181	"Y"	"C"	"major"	"NNRTI"	"EFV|ETR|RPV|NVP"
"pol_rt"	181	"Y"	"I"	"major"	"NNRTI"	"DOR|EFV|ETR|RPV|NVP"
"pol_rt"	181	"Y"	"V"	"major"	"NNRTI"	"DOR|EFV|ETR|RPV|NVP"
"pol_rt"	188	"Y"	"L"	"major"	"NNRTI"	"DOR|EFV|ETR|RPV|NVP"
"pol_rt"	190	"G"	"A"	"major"	"NNRTI"	"EFV|ETR|RPV|NVP"
"pol_rt"	190	"G"	"S"	"major"	"NNRTI"	"DOR|EFV|ETR|RPV|NVP"
"pol_rt"	190	"G"	"E"	"major"	"NNRTI"	"DOR|EFV|ETR|RPV|NVP"
"pol_rt"	227	"F"	"L"	"major"	"NNRTI"	"DOR|EFV|NVP"
"pol_rt"	227	"F"	"C"	"major"	"NNRTI"	"DOR|EFV|ETR|RPV|NVP"
"pol_rt"	230	"M"	"L"	"major"	"NNRTI"	"DOR|EFV|ETR|RPV|NVP"
"pol_rt"	98	"A"	"G"	"additional"	"NNRTI"	"DOR|EFV|ETR|RPV|NVP"
"pol_rt"	138	"E"	"G"	"additional"	"NNRTI"	"RPV"
"pol_rt"	138	"E"	"Q"	"additional"	"NNRTI"	"RPV"
"pol_rt"	138	"E"	"K"	"additional"	"NNRTI"	"RPV"
"pol_rt"	138	"E"	"R"	"additional"	"NNRTI"	"RPV"
"pol_rt"	188	"Y"	"C"	"additional"	"NNRTI"	"EFV"
"pol_rt"	188	"Y"	"H"	"additional"	"NNRTI"	"EFV"
"pol_rt"	225	"P"	"H"	"additional"	"NNRTI"	"DOR|EFV"
"pol_rt"	234	"L"	"I"	"additional"	"NNRTI"	"DOR"
"pol_rt"	318	"Y"	"F"	"additional"	"NNRTI"	"DOR|NVP"
"pol_rt"	184	"M"	"V"	"major"	"NRTI_Non-TAM"	"3TC|FTC|ABC"
"pol_rt"	184	"M"	"I"	"major"	"NRTI_Non-TAM"	"3TC|FTC|ABC"
"pol_rt"	65	"K"	"R"	"major"	"NRTI_Non-TAM"	"3TC|FTC|ABC|TFV"
"pol_rt"	70	"K"	"E"	"major"	"NRTI_Non-TAM"	"ABC|TFV"
"pol_rt"	74	"L"	"V"	"major"	"NRTI_Non-TAM"	"ABC"
"pol_rt"	74	"L"	"I"	"major"	"NRTI_Non-TAM"	"ABC"
"pol_rt"	115	"Y"	"F"	"major"	"NRTI_Non-TAM"	"ABC|TFV"
"pol_rt"	41	"M"	"L"	"major"	"NRTI_TAM"	"ABC|TFV|AZT"
"pol_rt"	67	"D"	"N"	"major"	"NRTI_TAM"	"AZT"
"pol_rt"	70	"K"	"R"	"major"	"NRTI_TAM"	"TFV|AZT"
"pol_rt"	210	"L"	"W"	"major"	"NRTI_TAM"	"ABC|TFV|AZT"
"pol_rt"	215	"T"	"F"	"major"	"NRTI_TAM"	"ABC|TFV|AZT"
"pol_rt"	215	"T"	"Y"	"major"	"NRTI_TAM"	"ABC|TFV|AZT"
"pol_rt"	219	"K"	"Q"	"major"	"NRTI_TAM"	"AZT"
"pol_rt"	219	"K"	"E"	"major"	"NRTI_TAM"	"AZT"
"pol_rt"	69	"T"	"Ins"	"major"	"NRTI_MDR"	"3TC|FTC|ABC|TFV|AZT"
"pol_rt"	151	"Q"	"M"	"major"	"NRTI_MDR"	"3TC|FTC|ABC|TFV|AZT"
"pol_int"	66	"T"	"K"	"major"	"INSTI"	"BIC|CAB|DTG|EVG|RAL"
"pol_int"	66	"T"	"A"	"major"	"INSTI"	"EVG|RAL"
"pol_int"	66	"T"	"I"	"major"	"INSTI"	"EVG|RAL"
"pol_int"	92	"E"	"Q"	"major"	"INSTI"	"BIC|CAB|DTG|EVG|RAL"
"pol_int"	118	"G"	"R"	"major"	"INSTI"	"BIC|CAB|DTG|EVG|RAL"
"pol_int"	138	"E"	"K"	"major"	"INSTI"	"BIC|CAB|DTG|EVG|RAL"
"pol_int"	138	"E"	"A"	"major"	"INSTI"	"BIC|CAB|DTG|EVG|RAL"
"pol_int"	138	"E"	"T"	"major"	"INSTI"	"BIC|CAB|DTG|EVG|RAL"
"pol_int"	140	"G"	"S"	"major"	"INSTI"	"BIC|CAB|DTG|EVG|RAL"
"pol_int"	140	"G"	"A"	"major"	"INSTI"	"BIC|CAB|DTG|EVG|RAL"
"pol_int"	140	"G"	"C"	"major"	"INSTI"	"BIC|CAB|DTG|EVG|RAL"
"pol_int"	140	"G"	"R"	"major"	"INSTI"	"CAB"
"pol_int"	143	"Y"	"R"	"major"	"INSTI"	"RAL"
"pol_int"	143	"Y"	"C"	"major"	"INSTI"	"RAL"
"pol_int"	143	"Y"	"H"	"major"	"INSTI"	"RAL"
"pol_int"	148	"Q"	"H"	"major"	"INSTI"	"BIC|CAB|DTG|EVG|RAL"
"pol_int"	148	"Q"	"R"	"major"	"INSTI"	"BIC|CAB|DTG|EVG|RAL"
"pol_int"	148	"Q"	"K"	"major"	"INSTI"	"BIC|CAB|DTG|EVG|RAL"
"pol_int"	155	"N"	"H"	"major"	"INSTI"	"BIC|CAB|DTG|EVG|RAL"
"pol_int"	263	"R"	"K"	"major"	"INSTI"	"BIC|CAB|DTG|EVG|RAL"
